{
    "total_runtime": 1725.6630713939667,
    "num_documents": 5,
    "update_documents": 0,
    "input_load_time": 0,
    "workflows": {
        "load_input_documents": {
            "overall": 0.09513592720031738
        },
        "create_base_text_units": {
            "overall": 0.0671241283416748
        },
        "create_final_documents": {
            "overall": 0.010838031768798828
        },
        "extract_graph": {
            "overall": 783.744866847992
        },
        "finalize_graph": {
            "overall": 6.271225214004517
        },
        "extract_covariates": {
            "overall": 425.06306195259094
        },
        "create_communities": {
            "overall": 0.09442782402038574
        },
        "create_final_text_units": {
            "overall": 0.030808210372924805
        },
        "create_community_reports": {
            "overall": 344.0956151485443
        },
        "generate_text_embeddings": {
            "overall": 166.18402981758118
        }
    }
}